impl,mode,bytes,proc_ms,io_ms,VmRSS_KiB,alpha,align,misalign
serial,upper,1024,0.001,0.218,3368,0,32,0
cuda,upper,1024,1621.01,0.262879,98616,0,32,0
serial,lower,1024,0.001,0.071,3252,0,32,0
cuda,lower,1024,130.942,0.159575,98496,0,32,0
serial,upper,1024,0.001,0.088,3384,0,32,7
cuda,upper,1024,130.029,0.140351,98404,0,32,7
serial,lower,1024,0.001,0.083,3372,0,32,7
cuda,lower,1024,131.013,0.137084,98268,0,32,7
serial,upper,1024,0.002,0.071,3152,10,32,0
cuda,upper,1024,129.634,0.144427,98472,10,32,0
serial,lower,1024,0.001,0.132,3120,10,32,0
cuda,lower,1024,129.365,0.135161,98368,10,32,0
serial,upper,1024,0.001,0.059,3388,10,32,7
cuda,upper,1024,129.14,0.150528,98452,10,32,7
serial,lower,1024,0.001,0.071,3380,10,32,7
cuda,lower,1024,129.127,0.148764,98568,10,32,7
serial,upper,1024,0.002,0.071,3420,20,32,0
cuda,upper,1024,128.675,0.141513,98312,20,32,0
serial,lower,1024,0.002,0.174,3384,20,32,0
cuda,lower,1024,131.238,0.145509,98540,20,32,0
serial,upper,1024,0.001,0.077,3420,20,32,7
cuda,upper,1024,132.184,0.141713,98392,20,32,7
serial,lower,1024,0.001,0.118,3368,20,32,7
cuda,lower,1024,132.988,0.137174,98676,20,32,7
serial,upper,1024,0.003,0.074,3364,30,32,0
cuda,upper,1024,133.102,0.142674,98248,30,32,0
serial,lower,1024,0.002,0.146,3420,30,32,0
cuda,lower,1024,132.84,0.140741,98476,30,32,0
serial,upper,1024,0.002,0.063,3416,30,32,7
cuda,upper,1024,131.725,0.160706,98496,30,32,7
serial,lower,1024,0.002,0.075,3372,30,32,7
cuda,lower,1024,131.292,0.140872,98404,30,32,7
serial,upper,1024,0.003,0.069,3304,40,32,0
cuda,upper,1024,132.09,0.141702,98556,40,32,0
serial,lower,1024,0.003,0.068,3184,40,32,0
cuda,lower,1024,135.59,0.144968,98388,40,32,0
serial,upper,1024,0.003,0.107,3300,40,32,7
cuda,upper,1024,131.21,0.144337,98596,40,32,7
serial,lower,1024,0.002,0.094,3112,40,32,7
cuda,lower,1024,131.894,0.144908,98492,40,32,7
serial,upper,1024,0.003,0.066,3348,50,32,0
cuda,upper,1024,134.435,0.140791,98604,50,32,0
serial,lower,1024,0.003,0.082,3420,50,32,0
cuda,lower,1024,138.437,0.137205,98240,50,32,0
serial,upper,1024,0.004,0.067,3236,50,32,7
cuda,upper,1024,131.492,0.136113,98560,50,32,7
serial,lower,1024,0.003,0.078,3344,50,32,7
cuda,lower,1024,133.408,0.158272,98292,50,32,7
serial,upper,1024,0.004,0.106,3268,60,32,0
cuda,upper,1024,132.234,0.135792,98596,60,32,0
serial,lower,1024,0.003,0.151,3420,60,32,0
cuda,lower,1024,130.61,0.144087,98196,60,32,0
serial,upper,1024,0.004,0.065,3372,60,32,7
cuda,upper,1024,133.878,0.141032,98716,60,32,7
serial,lower,1024,0.003,0.114,3108,60,32,7
cuda,lower,1024,131.249,0.159625,98140,60,32,7
serial,upper,1024,0.004,0.072,3324,70,32,0
cuda,upper,1024,134.466,0.142164,98292,70,32,0
serial,lower,1024,0.015,0.088,3420,70,32,0
cuda,lower,1024,129.626,0.153975,98412,70,32,0
serial,upper,1024,0.004,0.104,3384,70,32,7
cuda,upper,1024,132.552,0.144206,98580,70,32,7
serial,lower,1024,0.003,0.094,3364,70,32,7
cuda,lower,1024,135.372,0.141363,98316,70,32,7
serial,upper,1024,0.005,0.077,3260,80,32,0
cuda,upper,1024,133.038,0.135912,98200,80,32,0
serial,lower,1024,0.004,0.103,3384,80,32,0
cuda,lower,1024,136.347,0.137014,98216,80,32,0
serial,upper,1024,0.004,0.065,3412,80,32,7
cuda,upper,1024,131.812,0.141783,98260,80,32,7
serial,lower,1024,0.003,0.137,3424,80,32,7
cuda,lower,1024,132.279,0.148886,98620,80,32,7
serial,upper,1024,0.004,0.066,3412,90,32,0
cuda,upper,1024,135.78,0.16241,98320,90,32,0
serial,lower,1024,0.004,0.122,3300,90,32,0
cuda,lower,1024,135.264,0.160736,98340,90,32,0
serial,upper,1024,0.005,0.162,3320,90,32,7
cuda,upper,1024,130.152,0.158001,98268,90,32,7
serial,lower,1024,0.004,0.108,3292,90,32,7
cuda,lower,1024,136.009,0.148115,98480,90,32,7
serial,upper,2048,0.002,0.088,3388,0,32,0
cuda,upper,2048,129.598,0.14014,98452,0,32,0
serial,lower,2048,0.003,0.277,3132,0,32,0
cuda,lower,2048,132.198,0.15081,98700,0,32,0
serial,upper,2048,0.001,0.066,3384,0,32,7
cuda,upper,2048,131.127,0.137896,98600,0,32,7
serial,lower,2048,0.001,0.074,3408,0,32,7
cuda,lower,2048,130.628,0.132085,98476,0,32,7
serial,upper,2048,0.002,0.062,3340,10,32,0
cuda,upper,2048,135.735,0.138918,98628,10,32,0
serial,lower,2048,0.002,0.098,3332,10,32,0
cuda,lower,2048,132.183,0.149086,98380,10,32,0
serial,upper,2048,0.002,0.060,3368,10,32,7
cuda,upper,2048,131.703,0.143025,98132,10,32,7
serial,lower,2048,0.002,0.102,3320,10,32,7
cuda,lower,2048,131.281,0.166157,98500,10,32,7
serial,upper,2048,0.003,0.078,3380,20,32,0
cuda,upper,2048,133.074,0.150178,98600,20,32,0
serial,lower,2048,0.003,0.077,3420,20,32,0
cuda,lower,2048,130.654,0.136584,98664,20,32,0
serial,upper,2048,0.003,0.120,3420,20,32,7
cuda,upper,2048,128.417,0.140842,98244,20,32,7
serial,lower,2048,0.004,0.088,3416,20,32,7
cuda,lower,2048,130.47,0.142093,98228,20,32,7
serial,upper,2048,0.005,0.067,3420,30,32,0
cuda,upper,2048,130.799,0.138357,98276,30,32,0
serial,lower,2048,0.003,0.096,3368,30,32,0
cuda,lower,2048,129.115,0.137465,98312,30,32,0
serial,upper,2048,0.003,0.118,3344,30,32,7
cuda,upper,2048,132.029,0.153725,98152,30,32,7
serial,lower,2048,0.004,0.126,3364,30,32,7
cuda,lower,2048,133.018,0.145199,98376,30,32,7
serial,upper,2048,0.008,0.095,3192,40,32,0
cuda,upper,2048,129.435,0.136514,98504,40,32,0
serial,lower,2048,0.004,0.174,3196,40,32,0
cuda,lower,2048,132.279,0.144819,98348,40,32,0
serial,upper,2048,0.006,0.063,3412,40,32,7
cuda,upper,2048,132.338,0.154065,98444,40,32,7
serial,lower,2048,0.004,0.158,3408,40,32,7
cuda,lower,2048,132.896,0.144608,98300,40,32,7
serial,upper,2048,0.007,0.096,3372,50,32,0
cuda,upper,2048,132.023,0.146952,98404,50,32,0
serial,lower,2048,0.005,0.134,3420,50,32,0
cuda,lower,2048,130.893,0.164574,98468,50,32,0
serial,upper,2048,0.007,0.074,3368,50,32,7
cuda,upper,2048,134.653,0.148485,98664,50,32,7
serial,lower,2048,0.005,0.157,3416,50,32,7
cuda,lower,2048,132.516,0.133568,98448,50,32,7
serial,upper,2048,0.008,0.068,3412,60,32,0
cuda,upper,2048,131.226,0.142775,98344,60,32,0
serial,lower,2048,0.006,0.123,3304,60,32,0
cuda,lower,2048,129.928,0.155338,98364,60,32,0
serial,upper,2048,0.008,0.084,3324,60,32,7
cuda,upper,2048,136.753,0.140531,98364,60,32,7
serial,lower,2048,0.007,0.071,3248,60,32,7
cuda,lower,2048,133.177,0.155307,98540,60,32,7
serial,upper,2048,0.006,0.061,3300,70,32,0
cuda,upper,2048,130.421,0.156879,98380,70,32,0
serial,lower,2048,0.006,0.106,3368,70,32,0
cuda,lower,2048,130.7,0.153084,98724,70,32,0
serial,upper,2048,0.008,0.108,3420,70,32,7
cuda,upper,2048,132.364,0.143357,98464,70,32,7
serial,lower,2048,0.007,0.073,3348,70,32,7
cuda,lower,2048,133.469,0.138888,98576,70,32,7
serial,upper,2048,0.009,0.070,3212,80,32,0
cuda,upper,2048,132.344,0.146061,98372,80,32,0
serial,lower,2048,0.007,0.071,3420,80,32,0
cuda,lower,2048,132.747,0.144588,98628,80,32,0
serial,upper,2048,0.007,0.062,3420,80,32,7
cuda,upper,2048,131.29,0.141183,98404,80,32,7
serial,lower,2048,0.007,0.136,3420,80,32,7
cuda,lower,2048,130.777,0.143647,98544,80,32,7
serial,upper,2048,0.010,0.065,3292,90,32,0
cuda,upper,2048,132.224,0.15131,98356,90,32,0
serial,lower,2048,0.007,0.077,3292,90,32,0
cuda,lower,2048,133.731,0.14524,98572,90,32,0
serial,upper,2048,0.010,0.070,3372,90,32,7
cuda,upper,2048,132.077,0.17913,98548,90,32,7
serial,lower,2048,0.007,0.083,3420,90,32,7
cuda,lower,2048,132.563,0.138197,98660,90,32,7
serial,upper,4096,0.003,0.073,3336,0,32,0
cuda,upper,4096,137.738,0.153173,98600,0,32,0
serial,lower,4096,0.002,0.085,3412,0,32,0
cuda,lower,4096,130.85,0.191121,98384,0,32,0
serial,upper,4096,0.003,0.065,3408,0,32,7
cuda,upper,4096,136.661,0.143827,98656,0,32,7
serial,lower,4096,0.002,0.072,3404,0,32,7
cuda,lower,4096,132.458,0.160938,98368,0,32,7
serial,upper,4096,0.003,0.070,3252,10,32,0
cuda,upper,4096,132.87,0.152032,98360,10,32,0
serial,lower,4096,0.003,0.080,3320,10,32,0
cuda,lower,4096,131.567,0.15695,98656,10,32,0
serial,upper,4096,0.003,0.058,3408,10,32,7
cuda,upper,4096,129.4,0.144899,98300,10,32,7
serial,lower,4096,0.003,0.086,3384,10,32,7
cuda,lower,4096,133.418,0.157162,98112,10,32,7
serial,upper,4096,0.008,0.063,3388,20,32,0
cuda,upper,4096,134.952,0.149678,98464,20,32,0
serial,lower,4096,0.007,0.066,3304,20,32,0
cuda,lower,4096,131.318,0.166657,98156,20,32,0
serial,upper,4096,0.008,0.068,3420,20,32,7
cuda,upper,4096,132.116,0.166748,98252,20,32,7
serial,lower,4096,0.005,0.087,3296,20,32,7
cuda,lower,4096,132.471,0.17356,98328,20,32,7
serial,upper,4096,0.011,0.111,3304,30,32,0
cuda,upper,4096,132.101,0.144268,98356,30,32,0
serial,lower,4096,0.007,0.071,3032,30,32,0
cuda,lower,4096,133.424,0.152472,98568,30,32,0
serial,upper,4096,0.011,0.072,3296,30,32,7
cuda,upper,4096,131.337,0.172018,98168,30,32,7
serial,lower,4096,0.007,0.075,3368,30,32,7
cuda,lower,4096,132.162,0.165917,98652,30,32,7
serial,upper,4096,0.008,0.105,3420,40,32,0
cuda,upper,4096,132.118,0.151701,98472,40,32,0
serial,lower,4096,0.008,0.077,3380,40,32,0
cuda,lower,4096,131.889,0.147604,98352,40,32,0
serial,upper,4096,0.013,0.062,3420,40,32,7
cuda,upper,4096,131.911,0.147333,98560,40,32,7
serial,lower,4096,0.009,0.083,3420,40,32,7
cuda,lower,4096,133.121,0.152463,98540,40,32,7
serial,upper,4096,0.014,0.077,3356,50,32,0
cuda,upper,4096,132.366,0.152862,98588,50,32,0
serial,lower,4096,0.009,0.127,3368,50,32,0
cuda,lower,4096,133.12,0.149257,98380,50,32,0
serial,upper,4096,0.016,0.105,3288,50,32,7
cuda,upper,4096,128.806,0.147474,98496,50,32,7
serial,lower,4096,0.021,0.088,3404,50,32,7
cuda,lower,4096,134.187,0.155399,98436,50,32,7
serial,upper,4096,0.017,0.065,3228,60,32,0
cuda,upper,4096,131.628,0.154356,98284,60,32,0
serial,lower,4096,0.011,0.079,3384,60,32,0
cuda,lower,4096,132.542,0.145099,98516,60,32,0
serial,upper,4096,0.017,0.065,3320,60,32,7
cuda,upper,4096,132.57,0.154345,98612,60,32,7
serial,lower,4096,0.014,0.098,3288,60,32,7
cuda,lower,4096,137.456,0.160076,98216,60,32,7
serial,upper,4096,0.018,0.103,3336,70,32,0
cuda,upper,4096,133.731,0.15126,98536,70,32,0
serial,lower,4096,0.014,0.081,3372,70,32,0
cuda,lower,4096,132.356,0.157662,98644,70,32,0
serial,upper,4096,0.013,0.063,3384,70,32,7
cuda,upper,4096,130.317,0.147864,98664,70,32,7
serial,lower,4096,0.012,0.096,3156,70,32,7
cuda,lower,4096,132.745,0.494696,98608,70,32,7
serial,upper,4096,0.024,0.084,3172,80,32,0
cuda,upper,4096,132.878,0.146142,98228,80,32,0
serial,lower,4096,0.013,0.102,3408,80,32,0
cuda,lower,4096,132.512,0.19481,98560,80,32,0
serial,upper,4096,0.013,0.093,3416,80,32,7
cuda,upper,4096,130.624,0.165286,98424,80,32,7
serial,lower,4096,0.014,0.093,3320,80,32,7
cuda,lower,4096,132.003,0.148956,98484,80,32,7
serial,upper,4096,0.031,0.201,3404,90,32,0
cuda,upper,4096,129.242,0.145109,98456,90,32,0
serial,lower,4096,0.014,0.074,3020,90,32,0
cuda,lower,4096,136.431,0.153885,98500,90,32,0
serial,upper,4096,0.020,0.067,3368,90,32,7
cuda,upper,4096,131.35,0.152934,98636,90,32,7
serial,lower,4096,0.017,0.097,3412,90,32,7
cuda,lower,4096,130.62,0.147674,98568,90,32,7
serial,upper,8192,0.004,0.092,3540,0,32,0
cuda,upper,8192,132.554,0.160028,98580,0,32,0
serial,lower,8192,0.004,0.081,3548,0,32,0
cuda,lower,8192,132.332,0.16731,98476,0,32,0
serial,upper,8192,0.005,0.079,3320,0,32,7
cuda,upper,8192,136.546,0.157071,98332,0,32,7
serial,lower,8192,0.007,0.132,3516,0,32,7
cuda,lower,8192,133.862,0.165737,98260,0,32,7
serial,upper,8192,0.007,0.069,3400,10,32,0
cuda,upper,8192,132.026,0.175794,98532,10,32,0
serial,lower,8192,0.007,0.075,3420,10,32,0
cuda,lower,8192,137.897,0.156471,98548,10,32,0
serial,upper,8192,0.007,0.069,3512,10,32,7
cuda,upper,8192,130.735,0.185572,98752,10,32,7
serial,lower,8192,0.008,0.108,3292,10,32,7
cuda,lower,8192,132.949,0.15651,98652,10,32,7
serial,upper,8192,0.009,0.070,3384,20,32,0
cuda,upper,8192,137.977,0.16755,98408,20,32,0
serial,lower,8192,0.012,0.103,3140,20,32,0
cuda,lower,8192,132.429,0.157973,98456,20,32,0
serial,upper,8192,0.019,0.118,3548,20,32,7
cuda,upper,8192,131.054,0.154716,98412,20,32,7
serial,lower,8192,0.009,0.115,3548,20,32,7
cuda,lower,8192,129.95,0.192314,98604,20,32,7
serial,upper,8192,0.015,0.079,3264,30,32,0
cuda,upper,8192,134.136,0.166849,98216,30,32,0
serial,lower,8192,0.012,0.075,3028,30,32,0
cuda,lower,8192,131.325,0.177558,98628,30,32,0
serial,upper,8192,0.013,0.068,3368,30,32,7
cuda,upper,8192,131.811,0.175153,98368,30,32,7
serial,lower,8192,0.014,0.081,3324,30,32,7
cuda,lower,8192,134.046,0.161469,98168,30,32,7
serial,upper,8192,0.016,0.090,3420,40,32,0
cuda,upper,8192,139.093,0.168942,98384,40,32,0
serial,lower,8192,0.018,0.078,3376,40,32,0
cuda,lower,8192,142.285,0.181956,98316,40,32,0
serial,upper,8192,0.016,0.112,3544,40,32,7
cuda,upper,8192,141.432,0.179741,98004,40,32,7
serial,lower,8192,0.015,0.076,3120,40,32,7
cuda,lower,8192,135.782,0.165025,98544,40,32,7
serial,upper,8192,0.020,0.073,3324,50,32,0
cuda,upper,8192,131.223,0.158594,98480,50,32,0
serial,lower,8192,0.018,0.077,3360,50,32,0
cuda,lower,8192,131.081,0.158834,98848,50,32,0
serial,upper,8192,0.019,0.072,3212,50,32,7
cuda,upper,8192,133.736,0.319963,98220,50,32,7
serial,lower,8192,0.022,0.102,3548,50,32,7
cuda,lower,8192,140.394,0.157612,98168,50,32,7
serial,upper,8192,0.031,0.112,3420,60,32,0
cuda,upper,8192,132.603,0.184891,98460,60,32,0
serial,lower,8192,0.021,0.074,3520,60,32,0
cuda,lower,8192,132.124,0.1561,98640,60,32,0
serial,upper,8192,0.028,0.092,3256,60,32,7
cuda,upper,8192,133.883,0.164625,98560,60,32,7
serial,lower,8192,0.021,0.090,3356,60,32,7
cuda,lower,8192,133.16,0.172348,98276,60,32,7
serial,upper,8192,0.026,0.089,3544,70,32,0
cuda,upper,8192,131.026,0.182718,98216,70,32,0
serial,lower,8192,0.024,0.093,3548,70,32,0
cuda,lower,8192,134.989,0.159406,98584,70,32,0
serial,upper,8192,0.025,0.069,3300,70,32,7
cuda,upper,8192,134.831,0.186154,98228,70,32,7
serial,lower,8192,0.024,0.080,3496,70,32,7
cuda,lower,8192,133.632,0.162111,98676,70,32,7
serial,upper,8192,0.027,0.073,3548,80,32,0
cuda,upper,8192,133.031,0.183218,98476,80,32,0
serial,lower,8192,0.029,0.098,3548,80,32,0
cuda,lower,8192,132.622,0.162912,98584,80,32,0
serial,upper,8192,0.039,0.123,3420,80,32,7
cuda,upper,8192,132.319,0.158695,98328,80,32,7
serial,lower,8192,0.041,0.120,3288,80,32,7
cuda,lower,8192,134.054,0.173741,98324,80,32,7
serial,upper,8192,0.040,0.066,3468,90,32,0
cuda,upper,8192,135.407,0.177268,98612,90,32,0
serial,lower,8192,0.028,0.077,3256,90,32,0
cuda,lower,8192,131.405,0.170707,98632,90,32,0
serial,upper,8192,0.028,0.073,3548,90,32,7
cuda,upper,8192,132.527,0.174985,98660,90,32,7
serial,lower,8192,0.028,0.081,3516,90,32,7
cuda,lower,8192,132.163,0.158405,98388,90,32,7
serial,upper,16384,0.022,0.101,3420,0,32,0
cuda,upper,16384,133.32,0.196903,98572,0,32,0
serial,lower,16384,0.009,0.089,3388,0,32,0
cuda,lower,16384,133.392,0.190952,98168,0,32,0
serial,upper,16384,0.009,0.078,3420,0,32,7
cuda,upper,16384,130.22,0.184291,98704,0,32,7
serial,lower,16384,0.009,0.099,3172,0,32,7
cuda,lower,16384,132.361,0.188809,98428,0,32,7
serial,upper,16384,0.025,0.112,3500,10,32,0
cuda,upper,16384,134.715,0.201771,98760,10,32,0
serial,lower,16384,0.013,0.115,3284,10,32,0
cuda,lower,16384,133.336,0.183679,98568,10,32,0
serial,upper,16384,0.012,0.157,3256,10,32,7
cuda,upper,16384,133.476,0.183249,98452,10,32,7
serial,lower,16384,0.015,0.081,3232,10,32,7
cuda,lower,16384,134.558,0.179601,98344,10,32,7
serial,upper,16384,0.017,0.091,3512,20,32,0
cuda,upper,16384,132.245,0.200009,98532,20,32,0
serial,lower,16384,0.018,0.089,3496,20,32,0
cuda,lower,16384,132.635,0.200511,98548,20,32,0
serial,upper,16384,0.027,0.079,3360,20,32,7
cuda,upper,16384,131.855,0.224452,98660,20,32,7
serial,lower,16384,0.018,0.104,3304,20,32,7
cuda,lower,16384,132.718,0.204798,98428,20,32,7
serial,upper,16384,0.029,0.094,3548,30,32,0
cuda,upper,16384,134.052,0.194909,98564,30,32,0
serial,lower,16384,0.024,0.087,3484,30,32,0
cuda,lower,16384,131.042,0.221969,98088,30,32,0
serial,upper,16384,0.025,0.138,3548,30,32,7
cuda,upper,16384,130.173,0.180984,98256,30,32,7
serial,lower,16384,0.023,0.095,3404,30,32,7
cuda,lower,16384,131.366,0.19566,98332,30,32,7
serial,upper,16384,0.046,0.080,3540,40,32,0
cuda,upper,16384,131.761,0.203334,98868,40,32,0
serial,lower,16384,0.029,0.081,3484,40,32,0
cuda,lower,16384,132.87,0.183019,98332,40,32,0
serial,upper,16384,0.034,0.075,3548,40,32,7
cuda,upper,16384,137.298,0.240101,98640,40,32,7
serial,lower,16384,0.050,0.159,3400,40,32,7
cuda,lower,16384,133.01,0.210317,98396,40,32,7
serial,upper,16384,0.039,0.133,3548,50,32,0
cuda,upper,16384,130.914,0.216008,98696,50,32,0
serial,lower,16384,0.036,0.091,3292,50,32,0
cuda,lower,16384,132.026,0.244158,98576,50,32,0
serial,upper,16384,0.055,0.079,3548,50,32,7
cuda,upper,16384,133.775,0.229272,98144,50,32,7
serial,lower,16384,0.035,0.089,3500,50,32,7
cuda,lower,16384,131.854,0.23385,98264,50,32,7
serial,upper,16384,0.066,0.092,3456,60,32,0
cuda,upper,16384,133.647,0.195071,98540,60,32,0
serial,lower,16384,0.044,0.096,3512,60,32,0
cuda,lower,16384,129.343,0.205158,98500,60,32,0
serial,upper,16384,0.099,0.116,3176,60,32,7
cuda,upper,16384,132.464,0.214444,98568,60,32,7
serial,lower,16384,0.041,0.090,3548,60,32,7
cuda,lower,16384,136.13,0.184991,98600,60,32,7
serial,upper,16384,0.050,0.091,3540,70,32,0
cuda,upper,16384,132.525,0.193218,98572,70,32,0
serial,lower,16384,0.047,0.087,3304,70,32,0
cuda,lower,16384,131.941,0.206791,98308,70,32,0
serial,upper,16384,0.062,0.146,3484,70,32,7
cuda,upper,16384,136.397,0.187777,98408,70,32,7
serial,lower,16384,0.047,0.111,3540,70,32,7
cuda,lower,16384,133.154,0.204957,98100,70,32,7
serial,upper,16384,0.055,0.101,3548,80,32,0
cuda,upper,16384,131.343,0.199438,98444,80,32,0
serial,lower,16384,0.052,0.089,3408,80,32,0
cuda,lower,16384,131.924,0.199729,98536,80,32,0
serial,upper,16384,0.055,0.119,3548,80,32,7
cuda,upper,16384,131.024,0.186324,98472,80,32,7
serial,lower,16384,0.052,0.088,3268,80,32,7
cuda,lower,16384,135.237,0.203085,98544,80,32,7
serial,upper,16384,0.062,0.075,3548,90,32,0
cuda,upper,16384,134.598,0.190642,98520,90,32,0
serial,lower,16384,0.072,0.101,3404,90,32,0
cuda,lower,16384,131.227,0.183651,98572,90,32,0
serial,upper,16384,0.056,0.075,3284,90,32,7
cuda,upper,16384,131.015,0.213554,98524,90,32,7
serial,lower,16384,0.056,0.085,3280,90,32,7
cuda,lower,16384,134.272,0.204728,98748,90,32,7
serial,upper,32768,0.017,0.101,3484,0,32,0
cuda,upper,32768,130.5,0.265116,98656,0,32,0
serial,lower,32768,0.022,0.097,3388,0,32,0
cuda,lower,32768,132.815,0.293567,98416,0,32,0
serial,upper,32768,0.017,0.105,3540,0,32,7
cuda,upper,32768,133.443,0.265788,98584,0,32,7
serial,lower,32768,0.030,0.155,3548,0,32,7
cuda,lower,32768,133.723,0.260597,98528,0,32,7
serial,upper,32768,0.030,0.108,3440,10,32,0
cuda,upper,32768,134.491,0.256121,98392,10,32,0
serial,lower,32768,0.037,0.177,3408,10,32,0
cuda,lower,32768,134.027,0.227218,98296,10,32,0
serial,upper,32768,0.030,0.130,3444,10,32,7
cuda,upper,32768,132.566,0.259305,98540,10,32,7
serial,lower,32768,0.037,0.127,3548,10,32,7
cuda,lower,32768,136.451,0.236394,98388,10,32,7
serial,upper,32768,0.033,0.110,3548,20,32,0
cuda,upper,32768,136.735,0.26133,98416,20,32,0
serial,lower,32768,0.045,0.123,3220,20,32,0
cuda,lower,32768,131.489,0.261811,98584,20,32,0
serial,upper,32768,0.043,0.167,3548,20,32,7
cuda,upper,32768,135.586,0.239791,98824,20,32,7
serial,lower,32768,0.045,0.095,3312,20,32,7
cuda,lower,32768,133.103,0.258053,98208,20,32,7
serial,upper,32768,0.061,0.126,3532,30,32,0
cuda,upper,32768,137.492,0.257653,98464,30,32,0
serial,lower,32768,0.082,0.160,3388,30,32,0
cuda,lower,32768,136.356,0.302714,98440,30,32,0
serial,upper,32768,0.050,0.131,3500,30,32,7
cuda,upper,32768,137.974,0.242766,98284,30,32,7
serial,lower,32768,0.047,0.143,3292,30,32,7
cuda,lower,32768,135.557,0.239861,98188,30,32,7
serial,upper,32768,0.081,0.103,3132,40,32,0
cuda,upper,32768,138.223,0.262312,98228,40,32,0
serial,lower,32768,0.077,0.113,3300,40,32,0
cuda,lower,32768,135.028,0.243698,97940,40,32,0
serial,upper,32768,0.058,0.108,3536,40,32,7
cuda,upper,32768,133.493,0.236376,98592,40,32,7
serial,lower,32768,0.059,0.105,3408,40,32,7
cuda,lower,32768,131.499,0.231236,98424,40,32,7
serial,upper,32768,0.081,0.153,3548,50,32,0
cuda,upper,32768,132.184,0.232457,98684,50,32,0
serial,lower,32768,0.072,0.131,3428,50,32,0
cuda,lower,32768,132.165,0.2447,98316,50,32,0
serial,upper,32768,0.075,0.103,3408,50,32,7
cuda,upper,32768,132.337,0.230013,98604,50,32,7
serial,lower,32768,0.094,0.127,3160,50,32,7
cuda,lower,32768,132.7,0.242746,98452,50,32,7
serial,upper,32768,0.086,0.088,3540,60,32,0
cuda,upper,32768,132.523,0.313654,98196,60,32,0
serial,lower,32768,0.083,0.094,3548,60,32,0
cuda,lower,32768,131.806,0.236244,98296,60,32,0
serial,upper,32768,0.085,0.115,3548,60,32,7
cuda,upper,32768,132.519,0.243167,98400,60,32,7
serial,lower,32768,0.083,0.201,3548,60,32,7
cuda,lower,32768,134.366,0.28941,98100,60,32,7
serial,upper,32768,0.098,0.090,3548,70,32,0
cuda,upper,32768,136.606,0.27209,98388,70,32,0
serial,lower,32768,0.095,0.103,3204,70,32,0
cuda,lower,32768,134.503,0.241545,98648,70,32,0
serial,upper,32768,0.098,0.098,3384,70,32,7
cuda,upper,32768,133.455,0.221187,98348,70,32,7
serial,lower,32768,0.095,0.102,3548,70,32,7
cuda,lower,32768,132.268,0.282357,98652,70,32,7
serial,upper,32768,0.106,0.090,3484,80,32,0
cuda,upper,32768,133.214,0.302945,98200,80,32,0
serial,lower,32768,0.206,0.131,3512,80,32,0
cuda,lower,32768,133.639,0.233119,98652,80,32,0
serial,upper,32768,0.107,0.090,3504,80,32,7
cuda,upper,32768,135.448,0.236226,98028,80,32,7
serial,lower,32768,0.180,0.169,3420,80,32,7
cuda,lower,32768,132.418,0.256872,98600,80,32,7
serial,upper,32768,0.161,0.146,3332,90,32,0
cuda,upper,32768,131.539,0.247164,98604,90,32,0
serial,lower,32768,0.118,0.121,3380,90,32,0
cuda,lower,32768,130.464,0.253305,98716,90,32,0
serial,upper,32768,0.113,0.100,3504,90,32,7
cuda,upper,32768,135.667,0.228121,98620,90,32,7
serial,lower,32768,0.114,0.098,3548,90,32,7
cuda,lower,32768,133.909,0.254328,98320,90,32,7
serial,upper,65536,0.034,0.138,3676,0,32,0
cuda,upper,65536,133.062,0.415838,98592,0,32,0
serial,lower,65536,0.047,0.139,3468,0,32,0
cuda,lower,65536,131.955,0.33936,98428,0,32,0
serial,upper,65536,0.034,0.111,3428,0,32,7
cuda,upper,65536,131.681,0.327179,98328,0,32,7
serial,lower,65536,0.047,0.133,3572,0,32,7
cuda,lower,65536,131.578,0.33912,98548,0,32,7
serial,upper,65536,0.060,0.158,3548,10,32,0
cuda,upper,65536,134.012,0.326286,98552,10,32,0
serial,lower,65536,0.067,0.138,3540,10,32,0
cuda,lower,65536,134.972,0.345682,98484,10,32,0
serial,upper,65536,0.047,0.153,3636,10,32,7
cuda,upper,65536,131.318,0.315808,98748,10,32,7
serial,lower,65536,0.060,0.180,3500,10,32,7
cuda,lower,65536,132.951,0.393588,98688,10,32,7
serial,upper,65536,0.076,0.128,3640,20,32,0
cuda,upper,65536,132.215,0.315498,98712,20,32,0
serial,lower,65536,0.076,0.121,3620,20,32,0
cuda,lower,65536,131.084,0.377349,98616,20,32,0
serial,upper,65536,0.075,0.171,3548,20,32,7
cuda,upper,65536,131.342,0.366259,98560,20,32,7
serial,lower,65536,0.125,0.124,3512,20,32,7
cuda,lower,65536,131.282,0.341605,98484,20,32,7
serial,upper,65536,0.087,0.126,3672,30,32,0
cuda,upper,65536,131.203,0.360409,98440,30,32,0
serial,lower,65536,0.182,0.195,3568,30,32,0
cuda,lower,65536,132.214,0.330785,98256,30,32,0
serial,upper,65536,0.088,0.116,3372,30,32,7
cuda,upper,65536,129.624,0.337737,98596,30,32,7
serial,lower,65536,0.125,0.153,3588,30,32,7
cuda,lower,65536,131.865,0.314967,98704,30,32,7
serial,upper,65536,0.113,0.138,3676,40,32,0
cuda,upper,65536,132.563,0.331057,98220,40,32,0
serial,lower,65536,0.124,0.145,3676,40,32,0
cuda,lower,65536,134.742,0.32798,98648,40,32,0
serial,upper,65536,0.118,0.132,3500,40,32,7
cuda,upper,65536,136.183,0.329132,98428,40,32,7
serial,lower,65536,0.148,0.131,3648,40,32,7
cuda,lower,65536,132.813,0.348046,98672,40,32,7
serial,upper,65536,0.187,0.183,3224,50,32,0
cuda,upper,65536,130.343,0.347736,98700,50,32,0
serial,lower,65536,0.142,0.178,3676,50,32,0
cuda,lower,65536,133.284,0.366068,98352,50,32,0
serial,upper,65536,0.203,0.157,3312,50,32,7
cuda,upper,65536,135.314,0.330234,98560,50,32,7
serial,lower,65536,0.142,0.123,3532,50,32,7
cuda,lower,65536,132.953,0.332328,98408,50,32,7
serial,upper,65536,0.168,0.110,3620,60,32,0
cuda,upper,65536,132.764,0.358765,98652,60,32,0
serial,lower,65536,0.226,0.144,3264,60,32,0
cuda,lower,65536,131.023,0.320736,98564,60,32,0
serial,upper,65536,0.232,0.143,3488,60,32,7
cuda,upper,65536,131.298,0.326899,98692,60,32,7
serial,lower,65536,0.163,0.122,3600,60,32,7
cuda,lower,65536,132.145,0.367231,98380,60,32,7
serial,upper,65536,0.258,0.184,3484,70,32,0
cuda,upper,65536,131.14,0.332899,98612,70,32,0
serial,lower,65536,0.189,0.146,3464,70,32,0
cuda,lower,65536,130.164,0.38318,97900,70,32,0
serial,upper,65536,0.192,0.148,3540,70,32,7
cuda,upper,65536,132.422,0.333892,98540,70,32,7
serial,lower,65536,0.188,0.179,3676,70,32,7
cuda,lower,65536,136.144,0.315738,98360,70,32,7
serial,upper,65536,0.213,0.111,3676,80,32,0
cuda,upper,65536,132.014,0.34991,98576,80,32,0
serial,lower,65536,0.314,0.177,3668,80,32,0
cuda,lower,65536,132.309,0.3391,98584,80,32,0
serial,upper,65536,0.277,0.136,3612,80,32,7
cuda,upper,65536,132.43,0.362162,98704,80,32,7
serial,lower,65536,0.320,0.137,3400,80,32,7
cuda,lower,65536,135.741,0.388231,98436,80,32,7
serial,upper,65536,0.273,0.145,3432,90,32,0
cuda,upper,65536,131.397,0.320347,98476,90,32,0
serial,lower,65536,0.248,0.178,3676,90,32,0
cuda,lower,65536,134.275,0.377199,98556,90,32,0
serial,upper,65536,0.280,0.131,3532,90,32,7
cuda,upper,65536,134.032,0.320998,98620,90,32,7
serial,lower,65536,0.241,0.130,3508,90,32,7
cuda,lower,65536,136.245,0.371721,98684,90,32,7
serial,upper,131072,0.087,0.273,3804,0,32,0
cuda,upper,131072,135.332,0.517762,98828,0,32,0
serial,lower,131072,0.086,0.183,3800,0,32,0
cuda,lower,131072,132.953,0.537659,98684,0,32,0
serial,upper,131072,0.085,0.209,3624,0,32,7
cuda,upper,131072,131.624,0.454099,98724,0,32,7
serial,lower,131072,0.100,0.176,3724,0,32,7
cuda,lower,131072,132.182,0.460019,98748,0,32,7
serial,upper,131072,0.101,0.221,3768,10,32,0
cuda,upper,131072,135.611,0.428872,98488,10,32,0
serial,lower,131072,0.193,0.208,3700,10,32,0
cuda,lower,131072,131.742,0.465179,98712,10,32,0
serial,upper,131072,0.096,0.184,3796,10,32,7
cuda,upper,131072,131.982,0.492026,98712,10,32,7
serial,lower,131072,0.106,0.208,3756,10,32,7
cuda,lower,131072,130.682,0.46637,98636,10,32,7
serial,upper,131072,0.194,0.281,3548,20,32,0
cuda,upper,131072,130.91,0.433371,98808,20,32,0
serial,lower,131072,0.187,0.199,3804,20,32,0
cuda,lower,131072,132.754,0.475395,98752,20,32,0
serial,upper,131072,0.139,0.171,3692,20,32,7
cuda,upper,131072,132.354,0.419275,98532,20,32,7
serial,lower,131072,0.286,0.179,3804,20,32,7
cuda,lower,131072,131.914,0.44904,98560,20,32,7
serial,upper,131072,0.220,0.194,3796,30,32,0
cuda,upper,131072,134.259,0.450982,98684,30,32,0
serial,lower,131072,0.222,0.187,3676,30,32,0
cuda,lower,131072,133.64,0.47145,98692,30,32,0
serial,upper,131072,0.201,0.182,3756,30,32,7
cuda,upper,131072,135.963,0.492087,98476,30,32,7
serial,lower,131072,0.312,0.258,3804,30,32,7
cuda,lower,131072,134.388,0.536337,97856,30,32,7
serial,upper,131072,0.227,0.156,3804,40,32,0
cuda,upper,131072,135.97,0.500493,98484,40,32,0
serial,lower,131072,0.250,0.176,3756,40,32,0
cuda,lower,131072,133.739,0.454299,98384,40,32,0
serial,upper,131072,0.231,0.180,3796,40,32,7
cuda,upper,131072,136.052,0.454299,98740,40,32,7
serial,lower,131072,0.409,0.170,3624,40,32,7
cuda,lower,131072,133.277,0.616902,98868,40,32,7
serial,upper,131072,0.276,0.170,3720,50,32,0
cuda,upper,131072,132.461,0.449891,98800,50,32,0
serial,lower,131072,0.503,0.179,3764,50,32,0
cuda,lower,131072,132.401,0.472353,98612,50,32,0
serial,upper,131072,0.297,0.229,3560,50,32,7
cuda,upper,131072,130.204,0.544001,98768,50,32,7
serial,lower,131072,0.422,0.223,3804,50,32,7
cuda,lower,131072,131.624,0.530136,98532,50,32,7
serial,upper,131072,0.346,0.205,3800,60,32,0
cuda,upper,131072,135.133,0.441626,98676,60,32,0
serial,lower,131072,0.325,0.219,3612,60,32,0
cuda,lower,131072,136.113,0.498268,98560,60,32,0
serial,upper,131072,0.424,0.188,3676,60,32,7
cuda,upper,131072,131.751,0.43749,98772,60,32,7
serial,lower,131072,0.378,0.213,3552,60,32,7
cuda,lower,131072,135.539,0.479154,98732,60,32,7
serial,upper,131072,0.386,0.197,3728,70,32,0
cuda,upper,131072,133.745,0.46029,98400,70,32,0
serial,lower,131072,0.405,0.178,3804,70,32,0
cuda,lower,131072,137.926,0.464087,98236,70,32,0
serial,upper,131072,0.392,0.247,3704,70,32,7
cuda,upper,131072,132.575,0.438391,98724,70,32,7
serial,lower,131072,0.552,0.179,3804,70,32,7
cuda,lower,131072,135.06,0.429193,98564,70,32,7
serial,upper,131072,0.425,0.290,3792,80,32,0
cuda,upper,131072,133.254,0.447287,98516,80,32,0
serial,lower,131072,0.683,0.181,3700,80,32,0
cuda,lower,131072,132.973,0.42747,98724,80,32,0
serial,upper,131072,0.433,0.220,3804,80,32,7
cuda,upper,131072,137.581,0.446235,98804,80,32,7
serial,lower,131072,0.419,0.198,3520,80,32,7
cuda,lower,131072,135.109,0.480886,98884,80,32,7
serial,upper,131072,0.555,0.176,3752,90,32,0
cuda,upper,131072,132.414,0.445354,98580,90,32,0
serial,lower,131072,0.481,0.177,3676,90,32,0
cuda,lower,131072,131.419,0.467364,98400,90,32,0
serial,upper,131072,0.471,0.172,3804,90,32,7
cuda,upper,131072,132.589,0.471209,98672,90,32,7
serial,lower,131072,0.559,0.194,3800,90,32,7
cuda,lower,131072,134.945,0.511522,98576,90,32,7
serial,upper,262144,0.135,0.256,3868,0,32,0
cuda,upper,262144,134.044,0.941167,98868,0,32,0
serial,lower,262144,0.230,0.270,3636,0,32,0
cuda,lower,262144,131.586,0.862526,99344,0,32,0
serial,upper,262144,0.143,0.316,3432,0,32,7
cuda,upper,262144,135.794,1.03092,99256,0,32,7
serial,lower,262144,0.232,0.286,3716,0,32,7
cuda,lower,262144,134.254,0.852398,99048,0,32,7
serial,upper,262144,0.196,0.293,3800,10,32,0
cuda,upper,262144,138.867,0.894303,99212,10,32,0
serial,lower,262144,0.407,0.322,3676,10,32,0
cuda,lower,262144,135.782,0.951265,99368,10,32,0
serial,upper,262144,0.214,0.264,3848,10,32,7
cuda,upper,262144,131.318,0.968037,99344,10,32,7
serial,lower,262144,0.407,0.284,3884,10,32,7
cuda,lower,262144,130.103,0.865933,99132,10,32,7
serial,upper,262144,0.264,0.261,3896,20,32,0
cuda,upper,262144,134.147,0.871933,99256,20,32,0
serial,lower,262144,0.674,0.306,3752,20,32,0
cuda,lower,262144,138.834,0.826892,99172,20,32,0
serial,upper,262144,0.288,0.336,3836,20,32,7
cuda,upper,262144,133.329,0.848841,99068,20,32,7
serial,lower,262144,0.478,0.269,3896,20,32,7
cuda,lower,262144,133.984,0.844023,99384,20,32,7
serial,upper,262144,0.354,0.262,3840,30,32,0
cuda,upper,262144,133.423,0.864621,99436,30,32,0
serial,lower,262144,0.371,0.283,3860,30,32,0
cuda,lower,262144,131.399,0.864961,99180,30,32,0
serial,upper,262144,0.347,0.298,3764,30,32,7
cuda,upper,262144,130.867,0.928877,99288,30,32,7
serial,lower,262144,0.634,0.340,3896,30,32,7
cuda,lower,262144,133.46,0.832783,99324,30,32,7
serial,upper,262144,0.443,0.275,3832,40,32,0
cuda,upper,262144,132.872,1.1099,99412,40,32,0
serial,lower,262144,0.612,0.304,3860,40,32,0
cuda,lower,262144,135.822,1.02293,98960,40,32,0
serial,upper,262144,0.611,0.288,3828,40,32,7
cuda,upper,262144,133.276,0.89744,98832,40,32,7
serial,lower,262144,0.487,0.312,3760,40,32,7
cuda,lower,262144,133.167,0.855525,99100,40,32,7
serial,upper,262144,0.558,0.269,3900,50,32,0
cuda,upper,262144,135.388,0.821994,98948,50,32,0
serial,lower,262144,1.019,0.305,3644,50,32,0
cuda,lower,262144,135.301,0.884968,99248,50,32,0
serial,upper,262144,0.546,0.273,3892,50,32,7
cuda,upper,262144,133.341,1.01244,98896,50,32,7
serial,lower,262144,0.699,0.361,3876,50,32,7
cuda,lower,262144,133.014,0.840556,99404,50,32,7
serial,upper,262144,0.679,0.275,3676,60,32,0
cuda,upper,262144,136.792,0.879036,99120,60,32,0
serial,lower,262144,0.655,0.277,3848,60,32,0
cuda,lower,262144,134.741,0.916685,98672,60,32,0
serial,upper,262144,0.836,0.366,3932,60,32,7
cuda,upper,262144,138.553,0.871494,99128,60,32,7
serial,lower,262144,0.914,0.322,3740,60,32,7
cuda,lower,262144,135.712,0.925391,99528,60,32,7
serial,upper,262144,0.811,0.342,3768,70,32,0
cuda,upper,262144,132.689,0.845146,99072,70,32,0
serial,lower,262144,1.003,0.311,3812,70,32,0
cuda,lower,262144,135.634,0.84201,99044,70,32,0
serial,upper,262144,0.954,0.286,3796,70,32,7
cuda,upper,262144,134.188,0.878827,99400,70,32,7
serial,lower,262144,0.749,0.269,3672,70,32,7
cuda,lower,262144,133.454,0.840187,99448,70,32,7
serial,upper,262144,0.860,0.310,3644,80,32,0
cuda,upper,262144,133.702,0.861366,99500,80,32,0
serial,lower,262144,0.939,0.309,3844,80,32,0
cuda,lower,262144,134.609,0.832244,99468,80,32,0
serial,upper,262144,0.843,0.285,3708,80,32,7
cuda,upper,262144,135.321,0.900066,99504,80,32,7
serial,lower,262144,0.941,0.266,3856,80,32,7
cuda,lower,262144,133.102,0.878507,99044,80,32,7
serial,upper,262144,0.949,0.295,3624,90,32,0
cuda,upper,262144,132.258,0.852119,99616,90,32,0
serial,lower,262144,0.951,0.267,3688,90,32,0
cuda,lower,262144,131.516,0.881573,99200,90,32,0
serial,upper,262144,0.903,0.270,3656,90,32,7
cuda,upper,262144,133.594,1.30036,99224,90,32,7
serial,lower,262144,0.933,0.299,3704,90,32,7
cuda,lower,262144,135.764,0.866325,99328,90,32,7
serial,upper,524288,0.277,0.466,4112,0,32,0
cuda,upper,524288,136.454,1.64971,100072,0,32,0
serial,lower,524288,0.252,0.452,4136,0,32,0
cuda,lower,524288,133.138,1.53808,100236,0,32,0
serial,upper,524288,0.281,0.455,4008,0,32,7
cuda,upper,524288,134.136,1.83537,100364,0,32,7
serial,lower,524288,0.255,0.461,3744,0,32,7
cuda,lower,524288,132.602,1.59598,100388,0,32,7
serial,upper,524288,0.377,0.455,3968,10,32,0
cuda,upper,524288,133.129,3.28808,100568,10,32,0
serial,lower,524288,0.449,0.458,4136,10,32,0
cuda,lower,524288,136.133,1.51384,100408,10,32,0
serial,upper,524288,0.382,0.462,3960,10,32,7
cuda,upper,524288,135.144,2.33759,100436,10,32,7
serial,lower,524288,0.573,0.533,3944,10,32,7
cuda,lower,524288,135.597,1.45517,100368,10,32,7
serial,upper,524288,0.533,0.452,3924,20,32,0
cuda,upper,524288,133.141,2.39493,100188,20,32,0
serial,lower,524288,0.578,0.477,3892,20,32,0
cuda,lower,524288,134.166,1.49617,100308,20,32,0
serial,upper,524288,0.526,0.478,4132,20,32,7
cuda,upper,524288,135.929,1.7171,100360,20,32,7
serial,lower,524288,0.571,0.488,4108,20,32,7
cuda,lower,524288,129.715,1.46763,100256,20,32,7
serial,upper,524288,0.694,0.457,3956,30,32,0
cuda,upper,524288,134.719,2.08958,100300,30,32,0
serial,lower,524288,1.007,0.470,4092,30,32,0
cuda,lower,524288,132.589,1.43168,100164,30,32,0
serial,upper,524288,0.706,0.450,3992,30,32,7
cuda,upper,524288,138.046,1.47309,100272,30,32,7
serial,lower,524288,0.854,0.572,4040,30,32,7
cuda,lower,524288,136.324,1.54814,100160,30,32,7
serial,upper,524288,0.886,0.444,4048,40,32,0
cuda,upper,524288,133.814,2.19826,100300,40,32,0
serial,lower,524288,0.936,0.557,3984,40,32,0
cuda,lower,524288,137.131,1.48923,100016,40,32,0
serial,upper,524288,0.904,0.464,4020,40,32,7
cuda,upper,524288,133.29,1.64171,100360,40,32,7
serial,lower,524288,0.907,0.450,3652,40,32,7
cuda,lower,524288,132.373,1.45937,100368,40,32,7
serial,upper,524288,1.091,0.522,3884,50,32,0
cuda,upper,524288,138.184,2.07742,100128,50,32,0
serial,lower,524288,1.120,0.492,3960,50,32,0
cuda,lower,524288,132.828,1.50995,100340,50,32,0
serial,upper,524288,1.089,0.465,4100,50,32,7
cuda,upper,524288,132.846,2.33447,100412,50,32,7
serial,lower,524288,1.128,0.458,3900,50,32,7
cuda,lower,524288,134.5,1.48654,100044,50,32,7
serial,upper,524288,1.304,0.739,3888,60,32,0
cuda,upper,524288,133.834,2.25738,100644,60,32,0
serial,lower,524288,1.344,0.451,3816,60,32,0
cuda,lower,524288,133.014,1.4884,100272,60,32,0
serial,upper,524288,1.309,0.525,4032,60,32,7
cuda,upper,524288,136.545,3.44187,100164,60,32,7
serial,lower,524288,1.298,0.458,4060,60,32,7
cuda,lower,524288,132.907,1.51816,100284,60,32,7
serial,upper,524288,1.524,0.627,4004,70,32,0
cuda,upper,524288,133.289,2.34764,100240,70,32,0
serial,lower,524288,1.526,0.531,3960,70,32,0
cuda,lower,524288,134.135,1.48335,100176,70,32,0
serial,upper,524288,1.521,0.447,4092,70,32,7
cuda,upper,524288,131.337,2.2128,100376,70,32,7
serial,lower,524288,1.630,0.551,3924,70,32,7
cuda,lower,524288,131.858,1.46901,100384,70,32,7
serial,upper,524288,1.674,0.535,3792,80,32,0
cuda,upper,524288,131.895,1.94945,100476,80,32,0
serial,lower,524288,1.714,0.581,4008,80,32,0
cuda,lower,524288,131.423,1.64526,100400,80,32,0
serial,upper,524288,1.700,0.516,4020,80,32,7
cuda,upper,524288,132.502,1.97869,100328,80,32,7
serial,lower,524288,1.735,0.639,4008,80,32,7
cuda,lower,524288,137.028,1.51263,100156,80,32,7
serial,upper,524288,1.871,0.457,3980,90,32,0
cuda,upper,524288,133.493,2.23143,100240,90,32,0
serial,lower,524288,1.819,0.480,4100,90,32,0
cuda,lower,524288,133.467,1.6787,100188,90,32,0
serial,upper,524288,1.803,0.463,4060,90,32,7
cuda,upper,524288,137.921,2.45727,100156,90,32,7
serial,lower,524288,1.827,0.478,4016,90,32,7
cuda,lower,524288,135.418,1.43949,100408,90,32,7
serial,upper,1048576,0.568,1.033,4404,0,32,0
cuda,upper,1048576,134.653,3.98358,100964,0,32,0
serial,lower,1048576,0.523,0.824,4356,0,32,0
cuda,lower,1048576,135.041,2.75268,101716,0,32,0
serial,upper,1048576,0.554,0.851,4292,0,32,7
cuda,upper,1048576,133.336,3.82845,101336,0,32,7
serial,lower,1048576,0.540,0.815,4592,0,32,7
cuda,lower,1048576,132.698,2.69825,101544,0,32,7
serial,upper,1048576,0.761,0.823,4332,10,32,0
cuda,upper,1048576,132.878,3.80304,101340,10,32,0
serial,lower,1048576,0.845,0.820,4580,10,32,0
cuda,lower,1048576,131.28,2.69703,101124,10,32,0
serial,upper,1048576,0.761,0.888,4280,10,32,7
cuda,upper,1048576,138.141,3.91687,101520,10,32,7
serial,lower,1048576,0.856,0.839,4612,10,32,7
cuda,lower,1048576,133.17,2.66146,101708,10,32,7
serial,upper,1048576,1.109,0.829,4580,20,32,0
cuda,upper,1048576,135.254,2.93167,101256,20,32,0
serial,lower,1048576,1.325,0.866,4464,20,32,0
cuda,lower,1048576,133.412,2.76852,101308,20,32,0
serial,upper,1048576,1.065,0.849,4300,20,32,7
cuda,upper,1048576,134.165,3.82796,101676,20,32,7
serial,lower,1048576,1.147,0.817,4584,20,32,7
cuda,lower,1048576,133.938,2.69048,101632,20,32,7
serial,upper,1048576,1.394,0.839,4364,30,32,0
cuda,upper,1048576,134.335,3.87237,101592,30,32,0
serial,lower,1048576,1.549,0.844,4452,30,32,0
cuda,lower,1048576,132.387,2.75266,101088,30,32,0
serial,upper,1048576,1.420,0.827,4476,30,32,7
cuda,upper,1048576,133.235,3.97869,101536,30,32,7
serial,lower,1048576,1.470,0.864,4608,30,32,7
cuda,lower,1048576,133.325,2.70685,101552,30,32,7
serial,upper,1048576,1.740,0.921,4396,40,32,0
cuda,upper,1048576,134.145,3.58133,101544,40,32,0
serial,lower,1048576,1.803,0.832,4236,40,32,0
cuda,lower,1048576,134.905,2.7256,101188,40,32,0
serial,upper,1048576,1.732,0.861,4476,40,32,7
cuda,upper,1048576,137.244,4.02416,101508,40,32,7
serial,lower,1048576,1.819,0.859,4616,40,32,7
cuda,lower,1048576,136.807,2.78017,101276,40,32,7
serial,upper,1048576,2.185,0.928,4444,50,32,0
cuda,upper,1048576,132.26,3.6208,101128,50,32,0
serial,lower,1048576,2.173,1.114,4568,50,32,0
cuda,lower,1048576,137.723,2.9635,101408,50,32,0
serial,upper,1048576,2.192,0.852,4320,50,32,7
cuda,upper,1048576,133.998,3.49282,101600,50,32,7
serial,lower,1048576,2.175,0.823,4580,50,32,7
cuda,lower,1048576,133.094,2.87303,101208,50,32,7
serial,upper,1048576,2.757,0.927,4320,60,32,0
cuda,upper,1048576,133.349,4.24643,101324,60,32,0
serial,lower,1048576,2.565,0.911,4616,60,32,0
cuda,lower,1048576,135.585,2.70072,101476,60,32,0
serial,upper,1048576,2.683,0.847,4428,60,32,7
cuda,upper,1048576,133.345,3.85134,101688,60,32,7
serial,lower,1048576,2.566,0.835,4484,60,32,7
cuda,lower,1048576,133.437,2.7837,101408,60,32,7
serial,upper,1048576,3.002,0.864,4620,70,32,0
cuda,upper,1048576,134.765,3.83523,101192,70,32,0
serial,lower,1048576,2.982,0.897,4100,70,32,0
cuda,lower,1048576,137.531,2.70966,101048,70,32,0
serial,upper,1048576,2.852,0.889,4532,70,32,7
cuda,upper,1048576,131.61,4.52219,101476,70,32,7
serial,lower,1048576,2.977,0.839,4592,70,32,7
cuda,lower,1048576,136.889,2.88563,101632,70,32,7
serial,upper,1048576,3.331,0.875,4528,80,32,0
cuda,upper,1048576,137.688,3.88365,101432,80,32,0
serial,lower,1048576,3.377,0.912,4488,80,32,0
cuda,lower,1048576,133.719,2.78418,101388,80,32,0
serial,upper,1048576,3.402,1.036,4464,80,32,7
cuda,upper,1048576,134.625,3.85122,101628,80,32,7
serial,lower,1048576,3.354,0.808,4524,80,32,7
cuda,lower,1048576,133.168,2.70696,101400,80,32,7
serial,upper,1048576,3.585,0.891,4348,90,32,0
cuda,upper,1048576,132.529,3.92824,101268,90,32,0
serial,lower,1048576,3.705,0.916,4416,90,32,0
cuda,lower,1048576,134.324,2.8127,101068,90,32,0
serial,upper,1048576,3.640,0.925,4524,90,32,7
cuda,upper,1048576,133.081,3.97524,101512,90,32,7
serial,lower,1048576,3.662,0.882,4348,90,32,7
cuda,lower,1048576,132.924,2.77332,101564,90,32,7
serial,upper,2097152,1.094,1.597,5344,0,32,0
cuda,upper,2097152,132.338,6.91133,103344,0,32,0
serial,lower,2097152,1.030,1.581,5640,0,32,0
cuda,lower,2097152,133.314,5.46575,103776,0,32,0
serial,upper,2097152,1.105,1.620,5536,0,32,7
cuda,upper,2097152,132.819,6.2827,103716,0,32,7
serial,lower,2097152,1.145,1.553,5644,0,32,7
cuda,lower,2097152,132.854,5.34179,103748,0,32,7
serial,upper,2097152,1.528,1.569,5412,10,32,0
cuda,upper,2097152,132.607,6.53191,103636,10,32,0
serial,lower,2097152,1.700,1.608,5280,10,32,0
cuda,lower,2097152,136.784,5.12812,103708,10,32,0
serial,upper,2097152,1.880,1.634,5384,10,32,7
cuda,upper,2097152,136.383,7.19159,103500,10,32,7
serial,lower,2097152,1.654,1.563,5300,10,32,7
cuda,lower,2097152,131.784,5.5323,103572,10,32,7
serial,upper,2097152,2.105,1.626,5668,20,32,0
cuda,upper,2097152,136.457,6.12087,103784,20,32,0
serial,lower,2097152,2.278,1.565,5516,20,32,0
cuda,lower,2097152,128.846,5.44842,103504,20,32,0
serial,upper,2097152,2.129,1.610,5608,20,32,7
cuda,upper,2097152,131.857,6.70342,103632,20,32,7
serial,lower,2097152,2.329,1.592,5568,20,32,7
cuda,lower,2097152,133.634,5.55301,103320,20,32,7
serial,upper,2097152,2.758,1.579,5668,30,32,0
cuda,upper,2097152,132.812,6.44396,103716,30,32,0
serial,lower,2097152,2.947,1.586,5700,30,32,0
cuda,lower,2097152,133.503,5.31201,103604,30,32,0
serial,upper,2097152,2.750,1.638,5436,30,32,7
cuda,upper,2097152,134.999,6.95636,103072,30,32,7
serial,lower,2097152,2.941,1.563,5628,30,32,7
cuda,lower,2097152,132.768,5.36053,103676,30,32,7
serial,upper,2097152,3.479,1.621,5604,40,32,0
cuda,upper,2097152,133.246,6.28462,103444,40,32,0
serial,lower,2097152,3.612,1.562,5636,40,32,0
cuda,lower,2097152,135.623,5.64016,103328,40,32,0
serial,upper,2097152,3.447,1.563,5412,40,32,7
cuda,upper,2097152,133.581,6.27398,103596,40,32,7
serial,lower,2097152,3.583,1.565,5476,40,32,7
cuda,lower,2097152,132.321,5.23374,103480,40,32,7
serial,upper,2097152,4.229,1.612,5476,50,32,0
cuda,upper,2097152,132.68,6.32249,103556,50,32,0
serial,lower,2097152,4.344,1.619,5644,50,32,0
cuda,lower,2097152,131.988,5.29381,103628,50,32,0
serial,upper,2097152,4.306,1.594,5632,50,32,7
cuda,upper,2097152,133.069,6.33215,103760,50,32,7
serial,lower,2097152,4.389,1.594,5668,50,32,7
cuda,lower,2097152,133.871,5.29697,103216,50,32,7
serial,upper,2097152,5.091,1.834,5108,60,32,0
cuda,upper,2097152,135.957,7.0107,103564,60,32,0
serial,lower,2097152,5.153,1.528,5548,60,32,0
cuda,lower,2097152,134.118,5.25694,103676,60,32,0
serial,upper,2097152,5.167,1.605,5708,60,32,7
cuda,upper,2097152,132.737,6.51484,103784,60,32,7
serial,lower,2097152,5.106,1.620,5600,60,32,7
cuda,lower,2097152,130.82,5.17216,103528,60,32,7
serial,upper,2097152,5.987,1.611,5548,70,32,0
cuda,upper,2097152,134.679,6.62581,103560,70,32,0
serial,lower,2097152,5.881,1.579,5504,70,32,0
cuda,lower,2097152,134.242,5.33081,103616,70,32,0
serial,upper,2097152,5.909,1.599,5704,70,32,7
cuda,upper,2097152,133.363,6.61262,103216,70,32,7
serial,lower,2097152,5.971,1.665,5636,70,32,7
cuda,lower,2097152,132.943,5.64953,103292,70,32,7
serial,upper,2097152,6.565,1.573,5592,80,32,0
cuda,upper,2097152,135.529,6.9503,103568,80,32,0
serial,lower,2097152,6.729,1.560,5516,80,32,0
cuda,lower,2097152,134.085,5.31859,103264,80,32,0
serial,upper,2097152,6.895,1.640,5460,80,32,7
cuda,upper,2097152,132.479,6.28891,103500,80,32,7
serial,lower,2097152,6.704,1.583,5668,80,32,7
cuda,lower,2097152,132.739,5.62233,103360,80,32,7
serial,upper,2097152,7.298,1.689,5652,90,32,0
cuda,upper,2097152,133.496,6.28488,103564,90,32,0
serial,lower,2097152,7.274,1.589,5616,90,32,0
cuda,lower,2097152,134.452,5.12941,103748,90,32,0
serial,upper,2097152,7.406,1.801,5240,90,32,7
cuda,upper,2097152,133.144,6.54887,103444,90,32,7
serial,lower,2097152,7.262,1.631,5472,90,32,7
cuda,lower,2097152,134.613,5.41831,103440,90,32,7
serial,upper,4194304,2.182,4.274,7620,0,32,0
cuda,upper,4194304,137.706,12.8617,107648,0,32,0
serial,lower,4194304,2.100,4.030,7328,0,32,0
cuda,lower,4194304,133.138,10.7441,107772,0,32,0
serial,upper,4194304,2.194,4.221,7552,0,32,7
cuda,upper,4194304,132.969,11.9039,107504,0,32,7
serial,lower,4194304,2.049,4.157,7628,0,32,7
cuda,lower,4194304,135.43,11.3831,107608,0,32,7
serial,upper,4194304,3.039,4.001,7716,10,32,0
cuda,upper,4194304,132.313,12.3339,107556,10,32,0
serial,lower,4194304,3.389,4.069,7716,10,32,0
cuda,lower,4194304,136.17,10.9451,107752,10,32,0
serial,upper,4194304,3.023,3.836,7508,10,32,7
cuda,upper,4194304,131.618,12.7802,107304,10,32,7
serial,lower,4194304,3.359,4.481,7672,10,32,7
cuda,lower,4194304,134.728,10.616,107696,10,32,7
serial,upper,4194304,4.257,4.622,7744,20,32,0
cuda,upper,4194304,132.038,13.3851,107524,20,32,0
serial,lower,4194304,4.593,4.194,7752,20,32,0
cuda,lower,4194304,132.535,10.7498,107596,20,32,0
serial,upper,4194304,4.267,4.388,7692,20,32,7
cuda,upper,4194304,141.302,11.8916,107500,20,32,7
serial,lower,4194304,4.835,3.971,7280,20,32,7
cuda,lower,4194304,132.193,10.537,107708,20,32,7
serial,upper,4194304,5.462,4.101,7500,30,32,0
cuda,upper,4194304,133.341,11.8673,107624,30,32,0
serial,lower,4194304,5.907,3.331,7696,30,32,0
cuda,lower,4194304,134.754,10.6418,107456,30,32,0
serial,upper,4194304,5.453,4.173,7192,30,32,7
cuda,upper,4194304,132.328,12.2123,107360,30,32,7
serial,lower,4194304,5.889,4.259,7724,30,32,7
cuda,lower,4194304,133.015,10.0063,107672,30,32,7
serial,upper,4194304,6.883,4.067,7220,40,32,0
cuda,upper,4194304,132.728,11.0844,107728,40,32,0
serial,lower,4194304,7.247,3.780,7676,40,32,0
cuda,lower,4194304,135.325,11.606,107904,40,32,0
serial,upper,4194304,7.081,4.195,7476,40,32,7
cuda,upper,4194304,136.08,12.7162,107716,40,32,7
serial,lower,4194304,7.264,4.230,7704,40,32,7
cuda,lower,4194304,134.637,11.087,107752,40,32,7
serial,upper,4194304,8.416,4.101,7260,50,32,0
cuda,upper,4194304,138.109,12.8455,107300,50,32,0
serial,lower,4194304,8.752,4.192,7720,50,32,0
cuda,lower,4194304,134.734,10.704,107728,50,32,0
serial,upper,4194304,8.799,4.388,7576,50,32,7
cuda,upper,4194304,136.194,12.4421,107800,50,32,7
serial,lower,4194304,8.671,4.418,7696,50,32,7
cuda,lower,4194304,134.479,10.9933,107484,50,32,7
serial,upper,4194304,10.036,3.968,7300,60,32,0
cuda,upper,4194304,134.577,12.7589,107516,60,32,0
serial,lower,4194304,10.285,4.149,7744,60,32,0
cuda,lower,4194304,136.939,11.8141,107420,60,32,0
serial,upper,4194304,10.117,4.382,7028,60,32,7
cuda,upper,4194304,135.225,12.941,107776,60,32,7
serial,lower,4194304,10.292,4.175,7756,60,32,7
cuda,lower,4194304,134.666,11.6205,107684,60,32,7
serial,upper,4194304,11.689,4.133,7756,70,32,0
cuda,upper,4194304,135.186,12.7338,107284,70,32,0
serial,lower,4194304,11.899,4.502,7380,70,32,0
cuda,lower,4194304,139.045,11.6386,107576,70,32,0
serial,upper,4194304,11.767,4.168,7544,70,32,7
cuda,upper,4194304,135.38,12.4254,107584,70,32,7
serial,lower,4194304,11.874,3.864,7728,70,32,7
cuda,lower,4194304,136.412,10.27,107324,70,32,7
serial,upper,4194304,13.494,4.108,7644,80,32,0
cuda,upper,4194304,135.053,13.9743,107340,80,32,0
serial,lower,4194304,13.466,3.864,7740,80,32,0
cuda,lower,4194304,137.568,11.2035,107536,80,32,0
serial,upper,4194304,13.160,4.279,7392,80,32,7
cuda,upper,4194304,131.326,12.7695,107332,80,32,7
serial,lower,4194304,13.477,4.218,7560,80,32,7
cuda,lower,4194304,134.358,11.4119,107436,80,32,7
serial,upper,4194304,14.538,3.366,7256,90,32,0
cuda,upper,4194304,137.775,12.1008,107116,90,32,0
serial,lower,4194304,15.255,3.904,7712,90,32,0
cuda,lower,4194304,134.434,12.052,107148,90,32,0
serial,upper,4194304,14.567,4.504,7236,90,32,7
cuda,upper,4194304,135.269,13.0062,107500,90,32,7
serial,lower,4194304,14.754,3.839,7748,90,32,7
cuda,lower,4194304,134.768,10.9477,107560,90,32,7
serial,upper,8388608,4.612,9.027,11592,0,32,0
cuda,upper,8388608,156.651,25.5504,114708,0,32,0
serial,lower,8388608,4.497,9.704,11848,0,32,0
cuda,lower,8388608,138.472,23.6726,115632,0,32,0
serial,upper,8388608,4.414,8.985,11768,0,32,7
cuda,upper,8388608,139.25,23.9276,115868,0,32,7
serial,lower,8388608,4.217,9.451,11688,0,32,7
cuda,lower,8388608,136.611,22.3064,115972,0,32,7
serial,upper,8388608,6.140,8.635,11468,10,32,0
cuda,upper,8388608,138.055,24.2891,115608,10,32,0
serial,lower,8388608,7.074,8.588,11740,10,32,0
cuda,lower,8388608,133.605,22.5377,115784,10,32,0
serial,upper,8388608,6.435,9.127,11412,10,32,7
cuda,upper,8388608,143.978,29.0722,115372,10,32,7
serial,lower,8388608,6.855,8.349,11528,10,32,7
cuda,lower,8388608,147.097,23.1325,115420,10,32,7
serial,upper,8388608,8.740,10.103,11288,20,32,0
cuda,upper,8388608,138.225,27.2508,115516,20,32,0
serial,lower,8388608,9.368,8.549,11848,20,32,0
cuda,lower,8388608,139.195,21.1922,115920,20,32,0
serial,upper,8388608,8.649,8.672,11384,20,32,7
cuda,upper,8388608,147.335,26.1333,115652,20,32,7
serial,lower,8388608,9.818,9.321,11844,20,32,7
cuda,lower,8388608,138.633,24.5525,115948,20,32,7
serial,upper,8388608,11.026,8.680,11716,30,32,0
cuda,upper,8388608,135.188,23.565,115840,30,32,0
serial,lower,8388608,12.033,8.467,11676,30,32,0
cuda,lower,8388608,132.905,22.4996,115752,30,32,0
serial,upper,8388608,11.167,8.935,11456,30,32,7
cuda,upper,8388608,136.83,25.1494,115688,30,32,7
serial,lower,8388608,12.246,8.978,11616,30,32,7
cuda,lower,8388608,139.931,23.3826,115640,30,32,7
serial,upper,8388608,13.846,9.035,11692,40,32,0
cuda,upper,8388608,137.309,23.3229,115964,40,32,0
serial,lower,8388608,15.063,8.596,11724,40,32,0
cuda,lower,8388608,144.638,24.3115,115496,40,32,0
serial,upper,8388608,15.228,8.549,11656,40,32,7
cuda,upper,8388608,132.724,25.9095,115956,40,32,7
serial,lower,8388608,14.594,8.326,11616,40,32,7
cuda,lower,8388608,135.233,21.8341,115844,40,32,7
serial,upper,8388608,17.143,8.867,11256,50,32,0
cuda,upper,8388608,138.929,27.2365,115676,50,32,0
serial,lower,8388608,17.886,8.455,11756,50,32,0
cuda,lower,8388608,133.261,22.8378,115808,50,32,0
serial,upper,8388608,17.011,9.609,11752,50,32,7
cuda,upper,8388608,142.834,26.326,115680,50,32,7
serial,lower,8388608,17.667,9.541,11692,50,32,7
cuda,lower,8388608,149.136,24.5633,115484,50,32,7
serial,upper,8388608,20.470,9.093,11516,60,32,0
cuda,upper,8388608,137.601,24.7693,115192,60,32,0
serial,lower,8388608,22.429,9.716,11344,60,32,0
cuda,lower,8388608,139.384,26.5241,115544,60,32,0
serial,upper,8388608,21.241,10.232,11536,60,32,7
cuda,upper,8388608,144.275,26.6643,115796,60,32,7
serial,lower,8388608,21.590,9.242,11660,60,32,7
cuda,lower,8388608,140.541,24.1792,115976,60,32,7
serial,upper,8388608,23.956,9.736,11108,70,32,0
cuda,upper,8388608,142.498,26.9552,115348,70,32,0
serial,lower,8388608,24.496,9.832,11808,70,32,0
cuda,lower,8388608,146.148,25.3398,115640,70,32,0
serial,upper,8388608,24.064,9.216,11660,70,32,7
cuda,upper,8388608,149.923,26.229,115732,70,32,7
serial,lower,8388608,25.857,10.454,11740,70,32,7
cuda,lower,8388608,151.068,26.068,115868,70,32,7
serial,upper,8388608,26.356,8.692,11760,80,32,0
cuda,upper,8388608,141.769,25.7221,115284,80,32,0
serial,lower,8388608,27.683,9.802,11460,80,32,0
cuda,lower,8388608,138.757,24.4373,115956,80,32,0
serial,upper,8388608,26.704,8.953,11484,80,32,7
cuda,upper,8388608,136.522,24.5033,115992,80,32,7
serial,lower,8388608,28.244,9.767,11648,80,32,7
cuda,lower,8388608,154.359,26.6889,115392,80,32,7
serial,upper,8388608,29.566,12.635,11616,90,32,0
cuda,upper,8388608,136.82,30.0289,115724,90,32,0
serial,lower,8388608,29.391,8.933,11580,90,32,0
cuda,lower,8388608,134.34,23.2413,116008,90,32,0
serial,upper,8388608,29.112,9.646,11760,90,32,7
cuda,upper,8388608,140.041,25.8235,115652,90,32,7
serial,lower,8388608,29.840,9.659,11836,90,32,7
cuda,lower,8388608,138.467,23.9217,115856,90,32,7
serial,upper,16777216,8.817,20.466,19928,0,32,0
cuda,upper,16777216,139.538,48.3883,132012,0,32,0
serial,lower,16777216,8.630,18.595,19616,0,32,0
cuda,lower,16777216,138.999,47.5412,132156,0,32,0
serial,upper,16777216,8.872,19.242,20044,0,32,7
cuda,upper,16777216,139.72,50.046,132236,0,32,7
serial,lower,16777216,8.281,18.549,19904,0,32,7
cuda,lower,16777216,138.956,47.6353,131796,0,32,7
serial,upper,16777216,12.557,19.546,19860,10,32,0
cuda,upper,16777216,141.805,48.9032,132012,10,32,0
serial,lower,16777216,13.042,18.306,20044,10,32,0
cuda,lower,16777216,137.044,46.2207,132252,10,32,0
serial,upper,16777216,12.612,18.078,19844,10,32,7
cuda,upper,16777216,139.882,48.722,132340,10,32,7
serial,lower,16777216,13.201,22.973,19672,10,32,7
cuda,lower,16777216,138.1,50.6039,132268,10,32,7
serial,upper,16777216,16.310,17.468,19792,20,32,0
cuda,upper,16777216,142.489,46.5724,132188,20,32,0
serial,lower,16777216,17.849,17.208,20036,20,32,0
cuda,lower,16777216,137.342,43.2483,132236,20,32,0
serial,upper,16777216,16.092,17.078,19868,20,32,7
cuda,upper,16777216,140.336,46.8351,132288,20,32,7
serial,lower,16777216,18.179,17.932,20004,20,32,7
cuda,lower,16777216,138.275,46.363,132144,20,32,7
serial,upper,16777216,21.167,18.802,19884,30,32,0
cuda,upper,16777216,143.261,49.9686,132072,30,32,0
serial,lower,16777216,23.038,17.709,19896,30,32,0
cuda,lower,16777216,140.662,50.3369,132012,30,32,0
serial,upper,16777216,22.337,17.678,19872,30,32,7
cuda,upper,16777216,137.569,50.6901,132264,30,32,7
serial,lower,16777216,22.819,17.082,19968,30,32,7
cuda,lower,16777216,143.532,47.8544,132072,30,32,7
serial,upper,16777216,26.581,18.598,19992,40,32,0
cuda,upper,16777216,138.386,48.0752,132240,40,32,0
serial,lower,16777216,28.064,17.895,19528,40,32,0
cuda,lower,16777216,136.161,46.0635,131864,40,32,0
serial,upper,16777216,26.529,17.200,20036,40,32,7
cuda,upper,16777216,135.937,48.1162,132304,40,32,7
serial,lower,16777216,28.314,16.344,19580,40,32,7
cuda,lower,16777216,134.869,45.2258,131980,40,32,7
serial,upper,16777216,32.573,17.704,20016,50,32,0
cuda,upper,16777216,142.296,49.9843,132280,50,32,0
serial,lower,16777216,33.603,16.896,19944,50,32,0
cuda,lower,16777216,139.239,46.9355,132168,50,32,0
serial,upper,16777216,33.435,18.376,19812,50,32,7
cuda,upper,16777216,137.976,46.7913,131788,50,32,7
serial,lower,16777216,33.739,18.986,19940,50,32,7
cuda,lower,16777216,137.443,46.7657,132164,50,32,7
serial,upper,16777216,38.230,17.809,19900,60,32,0
cuda,upper,16777216,140.43,48.6112,131876,60,32,0
serial,lower,16777216,41.808,19.017,19696,60,32,0
cuda,lower,16777216,143.411,46.5124,132196,60,32,0
serial,upper,16777216,39.830,19.784,19780,60,32,7
cuda,upper,16777216,142.975,48.5334,132240,60,32,7
serial,lower,16777216,41.369,18.520,19880,60,32,7
cuda,lower,16777216,140.238,47.1302,132160,60,32,7
serial,upper,16777216,45.753,17.210,19872,70,32,0
cuda,upper,16777216,139.454,52.3728,131508,70,32,0
serial,lower,16777216,47.945,18.806,19872,70,32,0
cuda,lower,16777216,137.524,45.6934,132268,70,32,0
serial,upper,16777216,47.075,19.454,19712,70,32,7
cuda,upper,16777216,139.651,49.6561,132152,70,32,7
serial,lower,16777216,50.899,19.161,19868,70,32,7
cuda,lower,16777216,136.872,48.1762,132276,70,32,7
serial,upper,16777216,56.180,19.172,19500,80,32,0
cuda,upper,16777216,138.323,48.7219,131984,80,32,0
serial,lower,16777216,57.193,20.298,19544,80,32,0
cuda,lower,16777216,139.378,51.0414,132256,80,32,0
serial,upper,16777216,52.444,18.323,19864,80,32,7
cuda,upper,16777216,140.621,47.7923,132172,80,32,7
serial,lower,16777216,53.795,17.534,19796,80,32,7
cuda,lower,16777216,140.061,46.5036,132328,80,32,7
serial,upper,16777216,57.813,19.618,19884,90,32,0
cuda,upper,16777216,141.4,51.005,131728,90,32,0
serial,lower,16777216,56.561,18.223,19816,90,32,0
cuda,lower,16777216,142.665,45.0202,131660,90,32,0
serial,upper,16777216,56.541,17.932,19740,90,32,7
cuda,upper,16777216,142.575,49.7935,132472,90,32,7
serial,lower,16777216,59.889,19.682,19832,90,32,7
cuda,lower,16777216,143.785,52.3964,132316,90,32,7
serial,upper,33554432,17.680,34.235,35820,0,32,0
cuda,upper,33554432,145.341,97.3404,164564,0,32,0
serial,lower,33554432,16.709,38.818,36244,0,32,0
cuda,lower,33554432,148.158,98.6448,165072,0,32,0
serial,upper,33554432,17.090,38.282,36076,0,32,7
cuda,upper,33554432,147.417,99.2586,165060,0,32,7
serial,lower,33554432,16.778,36.384,36164,0,32,7
cuda,lower,33554432,143.038,97.1874,164744,0,32,7
serial,upper,33554432,24.317,37.661,36132,10,32,0
cuda,upper,33554432,144.664,101.156,164964,10,32,0
serial,lower,33554432,27.409,37.953,36280,10,32,0
cuda,lower,33554432,142.668,99.229,164868,10,32,0
serial,upper,33554432,25.204,40.297,36068,10,32,7
cuda,upper,33554432,144.868,111.348,164956,10,32,7
serial,lower,33554432,26.623,37.168,36376,10,32,7
cuda,lower,33554432,143.559,98.8903,164632,10,32,7
serial,upper,33554432,33.562,38.200,36308,20,32,0
cuda,upper,33554432,148.26,102.628,165132,20,32,0
serial,lower,33554432,38.088,36.845,36336,20,32,0
cuda,lower,33554432,140.804,97.7692,164624,20,32,0
serial,upper,33554432,34.396,36.643,36412,20,32,7
cuda,upper,33554432,145.22,108.418,164968,20,32,7
serial,lower,33554432,36.759,35.560,36248,20,32,7
cuda,lower,33554432,152.317,104.369,165136,20,32,7
serial,upper,33554432,42.928,39.302,36144,30,32,0
cuda,upper,33554432,143.814,102.24,165008,30,32,0
serial,lower,33554432,47.509,36.844,36168,30,32,0
cuda,lower,33554432,143.012,98.5232,164936,30,32,0
serial,upper,33554432,44.484,36.663,36336,30,32,7
cuda,upper,33554432,142.016,99.8708,164772,30,32,7
serial,lower,33554432,48.580,40.099,36232,30,32,7
cuda,lower,33554432,140.137,95.956,165068,30,32,7
serial,upper,33554432,52.661,36.493,36168,40,32,0
cuda,upper,33554432,144.574,99.9271,164752,40,32,0
serial,lower,33554432,56.375,36.610,36236,40,32,0
cuda,lower,33554432,142.681,99.3863,165008,40,32,0
serial,upper,33554432,52.644,36.558,36268,40,32,7
cuda,upper,33554432,147.526,99.7419,165132,40,32,7
serial,lower,33554432,57.923,33.696,36100,40,32,7
cuda,lower,33554432,142.731,97.6518,165068,40,32,7
serial,upper,33554432,66.545,38.575,36420,50,32,0
cuda,upper,33554432,143.295,103.56,164660,50,32,0
serial,lower,33554432,70.140,38.486,36144,50,32,0
cuda,lower,33554432,148.817,103.833,164796,50,32,0
serial,upper,33554432,64.158,36.350,36356,50,32,7
cuda,upper,33554432,144.037,101.033,164856,50,32,7
serial,lower,33554432,67.486,36.249,36388,50,32,7
cuda,lower,33554432,143.272,99.7905,164780,50,32,7
serial,upper,33554432,79.477,38.830,36416,60,32,0
cuda,upper,33554432,142.572,101.608,164748,60,32,0
serial,lower,33554432,79.796,33.917,36128,60,32,0
cuda,lower,33554432,141.569,95.706,164904,60,32,0
serial,upper,33554432,81.589,39.184,36380,60,32,7
cuda,upper,33554432,140.709,104.552,164768,60,32,7
serial,lower,33554432,80.564,36.014,36336,60,32,7
cuda,lower,33554432,144.57,97.5477,164908,60,32,7
serial,upper,33554432,89.540,37.347,36224,70,32,0
cuda,upper,33554432,144.459,101.811,164720,70,32,0
serial,lower,33554432,93.843,36.655,36312,70,32,0
cuda,lower,33554432,144.469,97.0667,164880,70,32,0
serial,upper,33554432,90.555,42.797,36364,70,32,7
cuda,upper,33554432,143.098,101.069,165060,70,32,7
serial,lower,33554432,92.780,36.336,36384,70,32,7
cuda,lower,33554432,143.963,96.4012,164952,70,32,7
serial,upper,33554432,103.472,35.221,36428,80,32,0
cuda,upper,33554432,144.745,107.553,164840,80,32,0
serial,lower,33554432,110.644,37.710,36376,80,32,0
cuda,lower,33554432,143.9,102.486,164704,80,32,0
serial,upper,33554432,106.955,42.034,36092,80,32,7
cuda,upper,33554432,145.552,105.102,164700,80,32,7
serial,lower,33554432,103.766,37.982,36236,80,32,7
cuda,lower,33554432,143.372,98.0232,164848,80,32,7
serial,upper,33554432,114.896,36.489,36076,90,32,0
cuda,upper,33554432,144.236,106.605,164948,90,32,0
serial,lower,33554432,117.518,37.888,36424,90,32,0
cuda,lower,33554432,143.64,98.9874,165084,90,32,0
serial,upper,33554432,111.740,39.895,36160,90,32,7
cuda,upper,33554432,142.209,98.3579,164756,90,32,7
serial,lower,33554432,117.363,37.415,36420,90,32,7
cuda,lower,33554432,142.058,98.4987,164692,90,32,7
serial,upper,67108864,35.118,76.100,68660,0,32,0
cuda,upper,67108864,206.767,201.133,230480,0,32,0
serial,lower,67108864,32.659,72.863,68956,0,32,0
cuda,lower,67108864,158.145,216.021,230304,0,32,0
serial,upper,67108864,35.048,76.184,69036,0,32,7
cuda,upper,67108864,158.099,201.035,230264,0,32,7
serial,lower,67108864,32.262,74.455,69144,0,32,7
cuda,lower,67108864,155.488,187.624,230456,0,32,7
serial,upper,67108864,48.789,75.441,68888,10,32,0
cuda,upper,67108864,201.407,204.164,230344,10,32,0
serial,lower,67108864,59.750,75.693,69136,10,32,0
cuda,lower,67108864,160.613,198.962,230172,10,32,0
serial,upper,67108864,46.782,73.816,68716,10,32,7
cuda,upper,67108864,151.527,206.092,230344,10,32,7
serial,lower,67108864,55.875,82.579,69088,10,32,7
cuda,lower,67108864,153.687,192.408,230244,10,32,7
serial,upper,67108864,66.416,75.672,68976,20,32,0
cuda,upper,67108864,152.743,196.223,230424,20,32,0
serial,lower,67108864,76.117,84.024,68944,20,32,0
cuda,lower,67108864,154.551,203.656,230236,20,32,0
serial,upper,67108864,64.823,71.643,68984,20,32,7
cuda,upper,67108864,212.892,199.438,230580,20,32,7
serial,lower,67108864,75.298,73.039,68900,20,32,7
cuda,lower,67108864,151.616,187.303,230628,20,32,7
serial,upper,67108864,87.641,72.711,68848,30,32,0
cuda,upper,67108864,153.757,194.672,230416,30,32,0
serial,lower,67108864,97.547,72.088,68776,30,32,0
cuda,lower,67108864,150.946,193.695,230724,30,32,0
serial,upper,67108864,88.103,74.781,69116,30,32,7
cuda,upper,67108864,152.64,193.532,230348,30,32,7
serial,lower,67108864,91.884,77.193,68916,30,32,7
cuda,lower,67108864,152.997,192.934,230636,30,32,7
serial,upper,67108864,105.646,72.144,69000,40,32,0
cuda,upper,67108864,214.817,193.788,230564,40,32,0
serial,lower,67108864,113.262,74.616,69084,40,32,0
cuda,lower,67108864,150.747,193.626,230332,40,32,0
serial,upper,67108864,108.949,74.144,69160,40,32,7
cuda,upper,67108864,213.541,191.468,230440,40,32,7
serial,lower,67108864,112.252,76.096,69036,40,32,7
cuda,lower,67108864,157.024,190.309,230276,40,32,7
serial,upper,67108864,129.007,74.765,69112,50,32,0
cuda,upper,67108864,166.782,194.302,230356,50,32,0
serial,lower,67108864,139.846,76.081,68964,50,32,0
cuda,lower,67108864,153.289,201.423,230352,50,32,0
serial,upper,67108864,132.652,70.781,68844,50,32,7
cuda,upper,67108864,155.42,200.648,230096,50,32,7
serial,lower,67108864,136.982,74.111,68988,50,32,7
cuda,lower,67108864,162.237,201.205,230748,50,32,7
serial,upper,67108864,156.893,75.087,68936,60,32,0
cuda,upper,67108864,152.804,195.998,230108,60,32,0
serial,lower,67108864,161.335,72.339,68980,60,32,0
cuda,lower,67108864,151.598,191.422,230596,60,32,0
serial,upper,67108864,153.096,75.528,69052,60,32,7
cuda,upper,67108864,212.178,197.77,230224,60,32,7
serial,lower,67108864,158.135,72.982,69192,60,32,7
cuda,lower,67108864,151.148,191.067,230176,60,32,7
serial,upper,67108864,179.663,71.657,68812,70,32,0
cuda,upper,67108864,211.676,193.688,230552,70,32,0
serial,lower,67108864,183.636,70.793,68932,70,32,0
cuda,lower,67108864,152.832,190.425,230424,70,32,0
serial,upper,67108864,179.094,75.021,69056,70,32,7
cuda,upper,67108864,157.686,197.947,230564,70,32,7
serial,lower,67108864,183.234,69.300,69108,70,32,7
cuda,lower,67108864,157.664,195.098,230680,70,32,7
serial,upper,67108864,202.654,73.964,68992,80,32,0
cuda,upper,67108864,154.304,202.545,230352,80,32,0
serial,lower,67108864,207.778,71.352,69152,80,32,0
cuda,lower,67108864,153.01,192.328,230456,80,32,0
serial,upper,67108864,205.558,71.275,68756,80,32,7
cuda,upper,67108864,209.095,196.871,230480,80,32,7
serial,lower,67108864,207.656,73.657,68836,80,32,7
cuda,lower,67108864,154.434,201.731,230776,80,32,7
serial,upper,67108864,220.207,72.427,68940,90,32,0
cuda,upper,67108864,153.435,197.783,230352,90,32,0
serial,lower,67108864,224.932,73.564,68956,90,32,0
cuda,lower,67108864,153.882,189.789,230204,90,32,0
serial,upper,67108864,220.951,70.640,69084,90,32,7
cuda,upper,67108864,211.295,205.883,230288,90,32,7
serial,lower,67108864,226.651,76.410,68952,90,32,7
cuda,lower,67108864,154.06,186.445,230384,90,32,7
